[
  {
    "model": "user_auth.Permission",
    "pk": 1,
    "fields": {
      "name": "user:own:read",
      "description": "Просмотр только своего профиля"
    }
  },
  {
    "model": "user_auth.Permission",
    "pk": 2,
    "fields": {
      "name": "user:own:update",
      "description": "Изменение только своих данных"
    }
  },
  {
    "model": "user_auth.Permission",
    "pk": 3,
    "fields": {
      "name": "user:own:delete",
      "description": "Удаление только своего аккаунта"
    }
  },
  {
    "model": "user_auth.Permission",
    "pk": 4,
    "fields": {
      "name": "user:all:read",
      "description": "Просмотр всех пользователей"
    }
  },
  {
    "model": "user_auth.Permission",
    "pk": 5,
    "fields": {
      "name": "user:all:update",
      "description": "Изменение любых пользователей"
    }
  },
  {
    "model": "user_auth.Permission",
    "pk": 6,
    "fields": {
      "name": "user:all:delete",
      "description": "Удаление любых пользователей"
    }
  },
  {
    "model": "user_auth.Permission",
    "pk": 7,
    "fields": {
      "name": "item:create",
      "description": "Создание объектов"
    }
  },
  {
    "model": "user_auth.Permission",
    "pk": 8,
    "fields": {
      "name": "item:own:read",
      "description": "Просмотр только своих объектов"
    }
  },
  {
    "model": "user_auth.Permission",
    "pk": 9,
    "fields": {
      "name": "item:own:update",
      "description": "Изменение только своих объектов"
    }
  },
  {
    "model": "user_auth.Permission",
    "pk": 10,
    "fields": {
      "name": "item:own:delete",
      "description": "Удаление только своих объектов"
    }
  },
  {
    "model": "user_auth.Permission",
    "pk": 11,
    "fields": {
      "name": "item:all:read",
      "description": "Просмотр всех объектов"
    }
  },
  {
    "model": "user_auth.Permission",
    "pk": 12,
    "fields": {
      "name": "item:all:update",
      "description": "Изменение любых объектов"
    }
  },
  {
    "model": "user_auth.Permission",
    "pk": 13,
    "fields": {
      "name": "item:all:delete",
      "description": "Удаление любых объектов"
    }
  },
  {
    "model": "user_auth.Role",
    "pk": 1,
    "fields": {
      "name": "admin",
      "display_name": "админ",
      "description": "Пользователь с максимальным количеством прав"
    }
  },
  {
    "model": "user_auth.Role",
    "pk": 2,
    "fields": {
      "name": "manager",
      "display_name": "менеджер",
      "description": "Управление любыми объектами и просмотр пользователей"
    }
  },
  {
    "model": "user_auth.Role",
    "pk": 3,
    "fields": {
      "name": "user",
      "display_name": "пользователь",
      "description": "Управление только своими объектами, просмотр любых объектов"
    }
  },
  {
    "model": "user_auth.Role",
    "pk": 4,
    "fields": {
      "name": "guest",
      "display_name": "Гость",
      "description": "Только просмотр объектов"
    }
  },
  {
    "model": "user_auth.RolePermissions",
    "pk": 1,
    "fields": {
      "role": 1,
      "permission": 4
    }
  },
  {
    "model": "user_auth.RolePermissions",
    "pk": 2,
    "fields": {
      "role": 1,
      "permission": 5
    }
  },
  {
    "model": "user_auth.RolePermissions",
    "pk": 3,
    "fields": {
      "role": 1,
      "permission": 6
    }
  },
  {
    "model": "user_auth.RolePermissions",
    "pk": 4,
    "fields": {
      "role": 1,
      "permission": 7
    }
  },
  {
    "model": "user_auth.RolePermissions",
    "pk": 5,
    "fields": {
      "role": 1,
      "permission": 11
    }
  },
  {
    "model": "user_auth.RolePermissions",
    "pk": 6,
    "fields": {
      "role": 1,
      "permission": 12
    }
  },
  {
    "model": "user_auth.RolePermissions",
    "pk": 7,
    "fields": {
      "role": 1,
      "permission": 13
    }
  },
  {
    "model": "user_auth.RolePermissions",
    "pk": 8,
    "fields": {
      "role": 2,
      "permission": 2
    }
  },
  {
    "model": "user_auth.RolePermissions",
    "pk": 9,
    "fields": {
      "role": 2,
      "permission": 3
    }
  },
  {
    "model": "user_auth.RolePermissions",
    "pk": 10,
    "fields": {
      "role": 2,
      "permission": 4
    }
  },
  {
    "model": "user_auth.RolePermissions",
    "pk": 11,
    "fields": {
      "role": 2,
      "permission": 7
    }
  },
  {
    "model": "user_auth.RolePermissions",
    "pk": 12,
    "fields": {
      "role": 2,
      "permission": 11
    }
  },
  {
    "model": "user_auth.RolePermissions",
    "pk": 13,
    "fields": {
      "role": 2,
      "permission": 12
    }
  },
  {
    "model": "user_auth.RolePermissions",
    "pk": 14,
    "fields": {
      "role": 2,
      "permission": 13
    }
  },
  {
    "model": "user_auth.RolePermissions",
    "pk": 15,
    "fields": {
      "role": 3,
      "permission": 1
    }
  },
  {
    "model": "user_auth.RolePermissions",
    "pk": 16,
    "fields": {
      "role": 3,
      "permission": 2
    }
  },
  {
    "model": "user_auth.RolePermissions",
    "pk": 17,
    "fields": {
      "role": 3,
      "permission": 3
    }
  },
  {
    "model": "user_auth.RolePermissions",
    "pk": 18,
    "fields": {
      "role": 3,
      "permission": 7
    }
  },
  {
    "model": "user_auth.RolePermissions",
    "pk": 19,
    "fields": {
      "role": 3,
      "permission": 9
    }
  },
  {
    "model": "user_auth.RolePermissions",
    "pk": 20,
    "fields": {
      "role": 3,
      "permission": 10
    }
  },
  {
    "model": "user_auth.RolePermissions",
    "pk": 21,
    "fields": {
      "role": 3,
      "permission": 11
    }
  },
  {
    "model": "user_auth.RolePermissions",
    "pk": 22,
    "fields": {
      "role": 4,
      "permission": 11
    }
  },
  {
    "model": "user_auth.User",
    "pk": 1,
    "fields": {
      "first_name": "Иван",
      "last_name": "Петров",
      "email": "ivan.petrov@example.com",
      "password": "$2b$12$j8xw81zUj3Uz7KwW88ObX.v//D4sXwYWoIKcSb5hJsNIcCu07VKdW",
      "created_at": "2026-03-18T22:00:59Z"
    }
  },
  {
    "model": "user_auth.User",
    "pk": 2,
    "fields": {
      "first_name": "Мария",
      "last_name": "Сидорова",
      "email": "maria.sidorova@example.com",
      "password": "$2b$12$j8xw81zUj3Uz7KwW88ObX.v//D4sXwYWoIKcSb5hJsNIcCu07VKdW",
      "created_at": "2026-03-18T22:00:59Z"
    }
  },
  {
    "model": "user_auth.User",
    "pk": 3,
    "fields": {
      "first_name": "Алексей",
      "last_name": "Иванов",
      "email": "alexey.ivanov@example.com",
      "password": "$2b$12$j8xw81zUj3Uz7KwW88ObX.v//D4sXwYWoIKcSb5hJsNIcCu07VKdW",
      "created_at": "2026-03-18T22:00:59Z"
    }
  },
  {
    "model": "user_auth.User",
    "pk": 4,
    "fields": {
      "first_name": "Елена",
      "last_name": "Козлова",
      "email": "elena.kozlova@example.com",
      "password": "$2b$12$j8xw81zUj3Uz7KwW88ObX.v//D4sXwYWoIKcSb5hJsNIcCu07VKdW",
      "created_at": "2026-03-18T22:00:59Z"
    }
  },
  {
    "model": "user_auth.UserRoles",
    "pk": 1,
    "fields": {
      "user": 1,
      "role": 1,
      "valid_until": "2026-12-31T23:59:59Z"
    }
  },
  {
    "model": "user_auth.UserRoles",
    "pk": 2,
    "fields": {
      "user": 2,
      "role": 2,
      "valid_until": "2026-12-31T23:59:59Z"
    }
  },
  {
    "model": "user_auth.UserRoles",
    "pk": 3,
    "fields": {
      "user": 3,
      "role": 3,
      "valid_until": "2026-12-31T23:59:59Z"
    }
  },
  {
    "model": "user_auth.UserRoles",
    "pk": 4,
    "fields": {
      "user": 4,
      "role": 4,
      "valid_until": "2026-12-31T23:59:59Z"
    }
  }
]
