[
  {
    "model": "user_auth.Permission",
    "pk": 1,
    "fields": {
      "name": "user:create",
      "description": "Создание пользователей"
    }
  },
  {
    "model": "user_auth.Permission",
    "pk": 2,
    "fields": {
      "name": "user:read:own",
      "description": "Просмотр только своего профиля"
    }
  },
  {
    "model": "user_auth.Permission",
    "pk": 3,
    "fields": {
      "name": "user:update:own",
      "description": "Изменение только своих данных"
    }
  },
  {
    "model": "user_auth.Permission",
    "pk": 4,
    "fields": {
      "name": "user:delete:own",
      "description": "Удаление только своего аккаунта"
    }
  },
  {
    "model": "user_auth.Permission",
    "pk": 5,
    "fields": {
      "name": "user:read",
      "description": "Просмотр пользователей"
    }
  },
  {
    "model": "user_auth.Permission",
    "pk": 6,
    "fields": {
      "name": "user:update",
      "description": "Изменение пользователей"
    }
  },
  {
    "model": "user_auth.Permission",
    "pk": 7,
    "fields": {
      "name": "user:delete",
      "description": "Удаление пользователей"
    }
  },
  {
    "model": "user_auth.Permission",
    "pk": 8,
    "fields": {
      "name": "item:create",
      "description": "Создание объектов"
    }
  },
  {
    "model": "user_auth.Permission",
    "pk": 9,
    "fields": {
      "name": "item:read:own",
      "description": "Просмотр только своих объектов"
    }
  },
  {
    "model": "user_auth.Permission",
    "pk": 10,
    "fields": {
      "name": "item:update:own",
      "description": "Изменение только своих объектов"
    }
  },
  {
    "model": "user_auth.Permission",
    "pk": 11,
    "fields": {
      "name": "item:delete:own",
      "description": "Удаление только своих объектов"
    }
  },
  {
    "model": "user_auth.Permission",
    "pk": 12,
    "fields": {
      "name": "item:read",
      "description": "Просмотр объектов"
    }
  },
  {
    "model": "user_auth.Permission",
    "pk": 13,
    "fields": {
      "name": "item:update",
      "description": "Изменение объектов"
    }
  },
  {
    "model": "user_auth.Permission",
    "pk": 14,
    "fields": {
      "name": "item:delete",
      "description": "Удаление объектов"
    }
  },
  {
    "model": "user_auth.Permission",
    "pk": 15,
    "fields": {
      "name": "role:create",
      "description": "Создание ролей"
    }
  },
  {
    "model": "user_auth.Permission",
    "pk": 16,
    "fields": {
      "name": "role:read",
      "description": "Просмотр ролей"
    }
  },
  {
    "model": "user_auth.Permission",
    "pk": 17,
    "fields": {
      "name": "role:update",
      "description": "Изменение ролей"
    }
  },
  {
    "model": "user_auth.Permission",
    "pk": 18,
    "fields": {
      "name": "role:delete",
      "description": "Удаление ролей"
    }
  },
  {
    "model": "user_auth.Permission",
    "pk": 19,
    "fields": {
      "name": "permission:create",
      "description": "Создание прав доступа"
    }
  },
  {
    "model": "user_auth.Permission",
    "pk": 20,
    "fields": {
      "name": "permission:read",
      "description": "Просмотр прав доступа"
    }
  },
  {
    "model": "user_auth.Permission",
    "pk": 21,
    "fields": {
      "name": "permission:update",
      "description": "Изменение прав доступа"
    }
  },
  {
    "model": "user_auth.Permission",
    "pk": 22,
    "fields": {
      "name": "permission:delete",
      "description": "Удаление прав доступа"
    }
  },
  {
    "model": "user_auth.Role",
    "pk": 1,
    "fields": {
      "name": "admin",
      "display_name": "админ",
      "description": "Пользователь с максимальным количеством прав"
    }
  },
  {
    "model": "user_auth.Role",
    "pk": 2,
    "fields": {
      "name": "manager",
      "display_name": "менеджер",
      "description": "Управление любыми объектами и просмотр пользователей"
    }
  },
  {
    "model": "user_auth.Role",
    "pk": 3,
    "fields": {
      "name": "user",
      "display_name": "пользователь",
      "description": "Управление только своими объектами, просмотр любых объектов"
    }
  },
  {
    "model": "user_auth.RolePermissions",
    "pk": 1,
    "fields": {
      "role": 1,
      "permission": 1
    }
  },
  {
    "model": "user_auth.RolePermissions",
    "pk": 2,
    "fields": {
      "role": 1,
      "permission": 5
    }
  },
  {
    "model": "user_auth.RolePermissions",
    "pk": 3,
    "fields": {
      "role": 1,
      "permission": 6
    }
  },
  {
    "model": "user_auth.RolePermissions",
    "pk": 4,
    "fields": {
      "role": 1,
      "permission": 7
    }
  },
  {
    "model": "user_auth.RolePermissions",
    "pk": 5,
    "fields": {
      "role": 1,
      "permission": 8
    }
  },
  {
    "model": "user_auth.RolePermissions",
    "pk": 6,
    "fields": {
      "role": 1,
      "permission": 12
    }
  },
  {
    "model": "user_auth.RolePermissions",
    "pk": 7,
    "fields": {
      "role": 1,
      "permission": 13
    }
  },
  {
    "model": "user_auth.RolePermissions",
    "pk": 8,
    "fields": {
      "role": 1,
      "permission": 14
    }
  },
  {
    "model": "user_auth.RolePermissions",
    "pk": 9,
    "fields": {
      "role": 1,
      "permission": 15
    }
  },
  {
    "model": "user_auth.RolePermissions",
    "pk": 10,
    "fields": {
      "role": 1,
      "permission": 16
    }
  },
  {
    "model": "user_auth.RolePermissions",
    "pk": 11,
    "fields": {
      "role": 1,
      "permission": 17
    }
  },
  {
    "model": "user_auth.RolePermissions",
    "pk": 12,
    "fields": {
      "role": 1,
      "permission": 18
    }
  },
  {
    "model": "user_auth.RolePermissions",
    "pk": 13,
    "fields": {
      "role": 1,
      "permission": 19
    }
  },
  {
    "model": "user_auth.RolePermissions",
    "pk": 14,
    "fields": {
      "role": 1,
      "permission": 20
    }
  },
  {
    "model": "user_auth.RolePermissions",
    "pk": 15,
    "fields": {
      "role": 1,
      "permission": 21
    }
  },
  {
    "model": "user_auth.RolePermissions",
    "pk": 16,
    "fields": {
      "role": 1,
      "permission": 22
    }
  },
  {
    "model": "user_auth.RolePermissions",
    "pk": 17,
    "fields": {
      "role": 2,
      "permission": 5
    }
  },
  {
    "model": "user_auth.RolePermissions",
    "pk": 18,
    "fields": {
      "role": 2,
      "permission": 3
    }
  },
  {
    "model": "user_auth.RolePermissions",
    "pk": 19,
    "fields": {
      "role": 2,
      "permission": 4
    }
  },
  {
    "model": "user_auth.RolePermissions",
    "pk": 20,
    "fields": {
      "role": 2,
      "permission": 8
    }
  },
  {
    "model": "user_auth.RolePermissions",
    "pk": 21,
    "fields": {
      "role": 2,
      "permission": 12
    }
  },
  {
    "model": "user_auth.RolePermissions",
    "pk": 22,
    "fields": {
      "role": 2,
      "permission": 13
    }
  },
  {
    "model": "user_auth.RolePermissions",
    "pk": 23,
    "fields": {
      "role": 2,
      "permission": 14
    }
  },
  {
    "model": "user_auth.RolePermissions",
    "pk": 24,
    "fields": {
      "role": 3,
      "permission": 2
    }
  },
  {
    "model": "user_auth.RolePermissions",
    "pk": 25,
    "fields": {
      "role": 3,
      "permission": 3
    }
  },
  {
    "model": "user_auth.RolePermissions",
    "pk": 26,
    "fields": {
      "role": 3,
      "permission": 4
    }
  },
  {
    "model": "user_auth.RolePermissions",
    "pk": 27,
    "fields": {
      "role": 3,
      "permission": 8
    }
  },
  {
    "model": "user_auth.RolePermissions",
    "pk": 28,
    "fields": {
      "role": 3,
      "permission": 9
    }
  },
  {
    "model": "user_auth.RolePermissions",
    "pk": 29,
    "fields": {
      "role": 3,
      "permission": 10
    }
  },
  {
    "model": "user_auth.RolePermissions",
    "pk": 30,
    "fields": {
      "role": 3,
      "permission": 11
    }
  },
  {
    "model": "user_auth.User",
    "pk": 1,
    "fields": {
      "first_name": "Иван",
      "last_name": "Петров",
      "email": "ivan.petrov@example.com",
      "password": "$2b$12$j8xw81zUj3Uz7KwW88ObX.v//D4sXwYWoIKcSb5hJsNIcCu07VKdW",
      "created_at": "2026-03-18T22:00:59Z",
      "role": 1
    }
  },
  {
    "model": "user_auth.User",
    "pk": 2,
    "fields": {
      "first_name": "Мария",
      "last_name": "Сидорова",
      "email": "maria.sidorova@example.com",
      "password": "$2b$12$j8xw81zUj3Uz7KwW88ObX.v//D4sXwYWoIKcSb5hJsNIcCu07VKdW",
      "created_at": "2026-03-18T22:00:59Z",
      "role": 2
    }
  },
  {
    "model": "user_auth.User",
    "pk": 3,
    "fields": {
      "first_name": "Алексей",
      "last_name": "Иванов",
      "email": "alexey.ivanov@example.com",
      "password": "$2b$12$j8xw81zUj3Uz7KwW88ObX.v//D4sXwYWoIKcSb5hJsNIcCu07VKdW",
      "created_at": "2026-03-18T22:00:59Z",
      "role": 3
    }
  }
]